{"cameraMode":{"drawMode":0,"name":"Shaded","section":"Shading Mode"},"sceneLighting":false,"audioPlay":false,"sceneViewState":{"m_AlwaysRefresh":false,"showFog":false,"showSkybox":false,"showFlares":false,"showImageEffects":false,"showParticleSystems":false,"showVisualEffectGraphs":true,"m_FxEnabled":true},"in2DMode":false,"pivot":{"x":-0.030179720371961595,"y":0.0023109130561351778,"z":0.03097383677959442},"rotation":{"x":-0.007683996111154556,"y":-0.9788241386413574,"z":-0.03731011599302292,"w":0.20126855373382569},"size":0.11488504707813263,"orthographic":false}